Workload,Execution Time,Execution Time,Execution Time,Execution Time,Execution Time,Execution Time,Execution Time,Execution Time,Execution Time,Execution Time,Execution Time,Execution Time,Execution Time,Execution Time,Execution Time,Execution Time,,Max SlowDown, SlowDown, SlowDown, SlowDown, SlowDown, SlowDown, SlowDown, SlowDown, SlowDown, SlowDown, SlowDown, SlowDown, SlowDown, SlowDown, SlowDown, SlowDown, SlowDown...
c1-c1-1,417482312,417433691,,,,,,,,,,,,,,,,1.119564384,1.119564384,1.119433997,,,,,,,,,,,,,,
c2-1,442948245,,,,,,,,,,,,,,,,,0,,,,,,,,,,,,,,,,
,,,,,,,,,,,,,,,,,,,,,,,,,,,,,,,,,,
,,,,,,,,,,,,,,,,,,,,,,,,,,,,,,,,,,
Total Exection Time,1277864248,,,,,,,,,,,,,,,,,,,,,,,,,,,,,,,,,
PFP Avg Max Slowdown,1.119564384,,,,,,,,,,,,,,,,,,,,,,,,,,,,,,,,,
PFP,934742220.5,,,,,,,,,,,,,,,,,,,,,,,,,,,,,,,,,
,,,,,,,,,,,,,,,,,,,,,,,,,,,,,,,,,,
,,,,,,,,,,,,,,,,,,,,,,,,,,,,,,,,,,
Work Load, EDP,,,,,,,,,,,,,,,,,,,,,,,,,,,,,,,,,
c1-c1-1,0.414679348,,,,,,,,,,,,,,,,,,,,,,,,,,,,,,,,,
c2-1,0.384466112,,,,,,,,,,,,,,,,,,,,,,,,,,,,,,,,,
Total,0.79914546,,,,,,,,,,,,,,,,,,,,,,,,,,,,,,,,,
